sample,tissue,mouse,path,seq1,seq2,bam
H028_pbs_R,H,028_pbs_R,/g/steinmetz/STOCKS/Data/Assay/sequencing/2022/2022-08-29-AAANJVNHV/,AAANJVNHV_H-LST-031028_22s002897-1-1_Schraft_lane122s002897_1_sequence.txt.gz,AAANJVNHV_H-LST-031028_22s002897-1-1_Schraft_lane122s002897_2_sequence.txt.gz,AAANJVNHV_H-LST-031028_22s002897-1-1_Schraft_lane122s002897_sequence.bam
H029_pbs_R,H,029_pbs_R,/g/steinmetz/STOCKS/Data/Assay/sequencing/2022/2022-08-29-AAANJVNHV/,AAANJVNHV_H-LST-031029_22s002896-1-1_Schraft_lane122s002896_1_sequence.txt.gz,AAANJVNHV_H-LST-031029_22s002896-1-1_Schraft_lane122s002896_2_sequence.txt.gz,AAANJVNHV_H-LST-031029_22s002896-1-1_Schraft_lane122s002896_sequence.bam
H030_nrch_R,H,030_nrch_R,/g/steinmetz/STOCKS/Data/Assay/sequencing/2022/2022-08-29-AAANJVNHV/,AAANJVNHV_H-LST-031030_22s002895-1-1_Schraft_lane122s002895_1_sequence.txt.gz,AAANJVNHV_H-LST-031030_22s002895-1-1_Schraft_lane122s002895_2_sequence.txt.gz,AAANJVNHV_H-LST-031030_22s002895-1-1_Schraft_lane122s002895_sequence.bam
H032_pbs_R,H,032_pbs_R,/g/steinmetz/STOCKS/Data/Assay/sequencing/2022/2022-08-29-AAANJVNHV/,AAANJVNHV_H-LST-031032_22s002894-1-1_Schraft_lane122s002894_1_sequence.txt.gz,AAANJVNHV_H-LST-031032_22s002894-1-1_Schraft_lane122s002894_2_sequence.txt.gz,AAANJVNHV_H-LST-031032_22s002894-1-1_Schraft_lane122s002894_sequence.bam
H033_nrch_R,H,033_nrch_R,/g/steinmetz/STOCKS/Data/Assay/sequencing/2022/2022-08-29-AAANJVNHV/,AAANJVNHV_H-LST-031033_22s002898-1-1_Schraft_lane122s002898_1_sequence.txt.gz,AAANJVNHV_H-LST-031033_22s002898-1-1_Schraft_lane122s002898_2_sequence.txt.gz,AAANJVNHV_H-LST-031033_22s002898-1-1_Schraft_lane122s002898_sequence.bam
H036_nrch_R,H,036_nrch_R,/g/steinmetz/STOCKS/Data/Assay/sequencing/2022/2022-08-29-AAANJVNHV/,AAANJVNHV_H-LST-031036_22s002893-1-1_Schraft_lane122s002893_1_sequence.txt.gz,AAANJVNHV_H-LST-031036_22s002893-1-1_Schraft_lane122s002893_2_sequence.txt.gz,AAANJVNHV_H-LST-031036_22s002893-1-1_Schraft_lane122s002893_sequence.bam
L028_pbs_R,L,028_pbs_R,/g/steinmetz/STOCKS/Data/Assay/sequencing/2022/2022-08-29-AAANJVNHV/,AAANJVNHV_L1028_22s003395-1-1_Schraft_lane122s003395_1_sequence.txt.gz,AAANJVNHV_L1028_22s003395-1-1_Schraft_lane122s003395_2_sequence.txt.gz,AAANJVNHV_L1028_22s003395-1-1_Schraft_lane122s003395_sequence.bam
L029_pbs_R,L,029_pbs_R,/g/steinmetz/STOCKS/Data/Assay/sequencing/2022/2022-08-29-AAANJVNHV/,AAANJVNHV_L1029_22s003394-1-1_Schraft_lane122s003394_1_sequence.txt.gz,AAANJVNHV_L1029_22s003394-1-1_Schraft_lane122s003394_2_sequence.txt.gz,AAANJVNHV_L1029_22s003394-1-1_Schraft_lane122s003394_sequence.bam
L030_nrch_R,L,030_nrch_R,/g/steinmetz/STOCKS/Data/Assay/sequencing/2022/2022-08-29-AAANJVNHV/,AAANJVNHV_L1030_22s003393-1-1_Schraft_lane122s003393_1_sequence.txt.gz,AAANJVNHV_L1030_22s003393-1-1_Schraft_lane122s003393_2_sequence.txt.gz,AAANJVNHV_L1030_22s003393-1-1_Schraft_lane122s003393_sequence.bam
L032_pbs_R,L,032_pbs_R,/g/steinmetz/STOCKS/Data/Assay/sequencing/2022/2022-08-29-AAANJVNHV/,AAANJVNHV_L1032_22s003392-1-1_Schraft_lane122s003392_1_sequence.txt.gz,AAANJVNHV_L1032_22s003392-1-1_Schraft_lane122s003392_2_sequence.txt.gz,AAANJVNHV_L1032_22s003392-1-1_Schraft_lane122s003392_sequence.bam
L036_nrch_R,L,036_nrch_R,/g/steinmetz/STOCKS/Data/Assay/sequencing/2022/2022-08-29-AAANJVNHV/,AAANJVNHV_L1036_22s003391-1-1_Schraft_lane122s003391_1_sequence.txt.gz,AAANJVNHV_L1036_22s003391-1-1_Schraft_lane122s003391_2_sequence.txt.gz,AAANJVNHV_L1036_22s003391-1-1_Schraft_lane122s003391_sequence.bam
L033_nrch_R,L,033_nrch_R,/g/steinmetz/STOCKS/Data/Assay/sequencing/2022/2022-08-29-AAANJVNHV/,AAANJVNHV_L1033_22s003396-1-1_Schraft_lane122s003396_1_sequence.txt.gz,AAANJVNHV_L1033_22s003396-1-1_Schraft_lane122s003396_2_sequence.txt.gz,AAANJVNHV_L1033_22s003396-1-1_Schraft_lane122s003396_sequence.bam
